job_name,framework,query,job_query_number,hardware_type,producer_rate,parallelism,parallelism_source,parallelism_avg,parallelism_sink,class,class_num,class_num_distinct,num_operators,path,artifact,meta__job_iteration,meta__job_sample,op1_name_flink,op1_name_storm,op1_selectivity,op1_latency_50,op1_latency_95,op1_latency_99,op2_name_flink,op2_name_storm,op2_selectivity,op2_latency_50,op2_latency_95,op2_latency_99
Sentiment Analysis,flink,Sentiment Analysis,1,c6525-100g,500000,"10,8,8,1",10,8.0,1,S,2,2,2,artifacts/sentiment-analysis/c6525-100g/flink/500000,i0s0-cf712ea348f67384f45cadf440b766f0,0,0,TwitterParser,,1.0,9096.664462457336,14017.165763651876,14399.274163822525,TwitterAnalyzer,,0.9999945439595905,11592.169368600682,16467.22531996587,16890.102858361774
Sentiment Analysis,flink,Sentiment Analysis,1,c6525-100g,500000,"10,40,40,1",10,40.0,1,XL,5,8,2,artifacts/sentiment-analysis/c6525-100g/flink/500000,i0s0-810b13539383d4eb67326b1bb254178c,0,0,TwitterParser,,1.0,9904.411012920527,12759.318608402406,13212.39098669058,TwitterAnalyzer,,0.9999941547750817,12433.674662766129,15360.612748049734,15818.487818735342
Sentiment Analysis,flink,Sentiment Analysis,1,c6525-100g,500000,"10,80,80,1",10,80.0,1,XXL,6,16,2,artifacts/sentiment-analysis/c6525-100g/flink/500000,i0s0-c7f2e18de02465e9636c1fab3add4a7b,0,0,TwitterParser,,1.0,8810.055432260739,11716.91740840794,12170.889049572794,TwitterAnalyzer,,0.9999947299822989,11345.034523806049,14360.60245632977,14827.926085221956
Sentiment Analysis,flink,Sentiment Analysis,1,c6525-100g,500000,"10,16,16,1",10,16.0,1,M,3,4,2,artifacts/sentiment-analysis/c6525-100g/flink/500000,i0s0-227681c35216803fb27614e0a02812c1,0,0,TwitterParser,,1.0,8702.051860833571,12306.148972565963,12687.641862804803,TwitterAnalyzer,,0.9999948154848332,11102.507488863977,14731.865779536196,15132.0642661259
Sentiment Analysis,flink,Sentiment Analysis,1,c6525-100g,500000,"10,64,64,1",10,64.0,1,XXL,6,13,2,artifacts/sentiment-analysis/c6525-100g/flink/500000,i0s0-fac6ab2c0465b4157a8a516e2db310ba,0,0,TwitterParser,,1.0,9357.667690836442,11929.211746735766,12373.516972475265,TwitterAnalyzer,,0.9999948013212264,11823.484696331761,14482.92279918755,14938.881098678754
Sentiment Analysis,flink,Sentiment Analysis,1,c6525-100g,500000,"10,72,72,1",10,72.0,1,XXL,6,15,2,artifacts/sentiment-analysis/c6525-100g/flink/500000,i0s0-5ae54d29e3566b8148c24d36c649ed6f,0,0,TwitterParser,,1.0,8224.232682367263,11223.752137640433,11646.933944168544,TwitterAnalyzer,,0.9999948561478893,10705.586959200939,13789.722219705052,14224.951456437282
Sentiment Analysis,flink,Sentiment Analysis,1,c6525-100g,500000,"10,48,48,1",10,48.0,1,XL,5,10,2,artifacts/sentiment-analysis/c6525-100g/flink/500000,i0s0-23aac82c9bfee8400257529b0df5bd35,0,0,TwitterParser,,0.9999999999999998,7914.199916928347,12887.42861156782,13354.344006013747,TwitterAnalyzer,,0.9999939741654752,10427.675335866215,15443.97246885739,15919.752454378484
Sentiment Analysis,flink,Sentiment Analysis,1,c6525-100g,500000,"10,4,4,1",10,4.0,1,XS,1,1,2,artifacts/sentiment-analysis/c6525-100g/flink/500000,i0s0-6b20ef9f9c95463db034962f0c6e2924,0,0,TwitterParser,,1.0,9959.364655172414,13716.837155172412,14057.224344827588,TwitterAnalyzer,,0.9999945183397624,12292.875431034481,16129.14875,16461.44094827586
Sentiment Analysis,flink,Sentiment Analysis,1,c6525-100g,500000,"10,2,2,1",10,2.0,1,XS,1,1,2,artifacts/sentiment-analysis/c6525-100g/flink/500000,i0s0-730f5be5ee1ad1be1a2c5db2c4324800,0,0,TwitterParser,,1.0,15209.735729944307,16810.23569913497,17013.101577082598,TwitterAnalyzer,,0.9999944034611981,17216.36562685152,19045.95857329067,19232.163295651146
Sentiment Analysis,flink,Sentiment Analysis,1,c6525-100g,500000,"10,32,32,1",10,32.0,1,L,4,7,2,artifacts/sentiment-analysis/c6525-100g/flink/500000,i0s0-b04c8be08b89e3231a9311aa9b4f7d9d,0,0,TwitterParser,,1.0,8601.555079239037,11215.77703755435,11620.906948431437,TwitterAnalyzer,,0.9999951706270163,11134.603414357263,13835.282237584157,14243.338056207338
Sentiment Analysis,flink,Sentiment Analysis,1,c6525-100g,500000,"10,96,96,1",10,96.0,1,XXL,6,16,2,artifacts/sentiment-analysis/c6525-100g/flink/500000,i0s0-face074bdb19df9abfb6b4efde0af882,0,0,TwitterParser,,1.0,9619.071683677941,12284.020781095373,12786.17047761359,TwitterAnalyzer,,0.9999944375629891,12188.044088021787,14996.707514960959,15506.937855761142
Sentiment Analysis,flink,Sentiment Analysis,1,c6525-100g,100000,"10,80,80,1",10,80.0,1,XXL,6,16,2,artifacts/sentiment-analysis/c6525-100g/flink/100000,i0s0-430b3b543dc41af085f1bb8ba16f6f73,0,0,TwitterParser,,1.0,7048.101422380315,8782.57414285,9110.15101715859,TwitterAnalyzer,,0.9999947554464687,9504.930412518243,11282.217965388603,11611.635565977618
Sentiment Analysis,flink,Sentiment Analysis,1,c6525-100g,100000,"10,72,72,1",10,72.0,1,XXL,6,15,2,artifacts/sentiment-analysis/c6525-100g/flink/100000,i0s0-1a518b47aefbac0595398766bf31b33d,0,0,TwitterParser,,1.0,7849.109758594355,9950.508033584154,10324.20868674211,TwitterAnalyzer,,0.9999942137408523,10441.760232090428,12580.407485632184,12955.410097266658
Sentiment Analysis,flink,Sentiment Analysis,1,c6525-100g,100000,"10,48,48,1",10,48.0,1,XL,5,10,2,artifacts/sentiment-analysis/c6525-100g/flink/100000,i0s0-5d4e0d460889650150e11162d58eb2ed,0,0,TwitterParser,,1.0,8945.30119608366,11632.0426531703,12072.851265913223,TwitterAnalyzer,,0.999994174331603,11588.178813396135,14299.740975048879,14736.705683014377
Sentiment Analysis,flink,Sentiment Analysis,1,c6525-100g,100000,"10,32,32,1",10,32.0,1,L,4,7,2,artifacts/sentiment-analysis/c6525-100g/flink/100000,i0s0-2ebd1196c894fe1c6eed0498db46d125,0,0,TwitterParser,,1.0,9267.078798015817,12121.330751821188,12562.964477769148,TwitterAnalyzer,,0.9999948663540845,11775.52023442281,14644.664019655007,15086.395280327639
Sentiment Analysis,flink,Sentiment Analysis,1,c6525-100g,100000,"10,16,16,1",10,16.0,1,M,3,4,2,artifacts/sentiment-analysis/c6525-100g/flink/100000,i0s0-cd5d2fddf26f7a1675ace8bb7df77479,0,0,TwitterParser,,1.0,8440.473689862543,11313.212993986253,11647.925154639177,TwitterAnalyzer,,0.9999957110581017,10916.751741912549,13813.079012397795,14140.222884287237
Sentiment Analysis,flink,Sentiment Analysis,1,c6525-100g,100000,"10,8,8,1",10,8.0,1,S,2,2,2,artifacts/sentiment-analysis/c6525-100g/flink/100000,i0s0-4558cb40353216f4adbcfce90f8664c9,0,0,TwitterParser,,1.0,9354.5761736219,12324.834018559053,12548.50213273196,TwitterAnalyzer,,0.9999950195809325,11746.31588640964,14734.468581709269,14966.743378848327
Sentiment Analysis,flink,Sentiment Analysis,1,c6525-100g,100000,"10,4,4,1",10,4.0,1,XS,1,1,2,artifacts/sentiment-analysis/c6525-100g/flink/100000,i0s0-c9034bbf24c01701e1cb5b40b29ee11b,0,0,TwitterParser,,1.0,8912.189166666667,10667.502458333336,10810.318199999998,TwitterAnalyzer,,0.99999606942267,11709.59916666667,13472.643458333336,13620.579533333337
Sentiment Analysis,flink,Sentiment Analysis,1,c6525-100g,100000,"10,96,96,1",10,96.0,1,XXL,6,16,2,artifacts/sentiment-analysis/c6525-100g/flink/100000,i0s0-16b563ea5d09f72c5f334fe123219ea4,0,0,TwitterParser,,1.0,584.3946101362802,1128.253448409231,1201.6910295916107,TwitterAnalyzer,,0.9999949182343912,1799.701583989922,2448.1581360256905,2545.125556215087
Sentiment Analysis,flink,Sentiment Analysis,1,c6525-100g,100000,"10,2,2,1",10,2.0,1,XS,1,1,2,artifacts/sentiment-analysis/c6525-100g/flink/100000,i0s0-a6287b64c07e309ff65badd7ca604a0d,0,0,TwitterParser,,1.0,12813.569166666663,14046.243333333336,14162.194033333333,TwitterAnalyzer,,0.9999962911777781,15311.451666666668,16546.424666666662,16662.22980000001
Sentiment Analysis,flink,Sentiment Analysis,1,c6525-100g,100000,"10,40,40,1",10,40.0,1,XL,5,8,2,artifacts/sentiment-analysis/c6525-100g/flink/100000,i0s0-c4deae23b0bec59e728fc1d2fb175b6d,0,0,TwitterParser,,1.0,4426.445209010027,13554.295144165138,14141.815090088498,TwitterAnalyzer,,0.9999946168072968,6724.721907216495,15801.07506872852,16385.93095360825
Sentiment Analysis,flink,Sentiment Analysis,1,c6525-100g,100000,"10,64,64,1",10,64.0,1,XXL,6,13,2,artifacts/sentiment-analysis/c6525-100g/flink/100000,i0s0-36aa75aa8ed4e137faa0759ed80d66d4,0,0,TwitterParser,,1.0,8026.123455584238,11370.086269210646,11783.940307624332,TwitterAnalyzer,,0.9999950844698112,10646.492363354258,13999.500269803422,14410.03014045123
Sentiment Analysis,flink,Sentiment Analysis,1,c6525-100g,1000000,"10,8,8,1",10,8.0,1,S,2,2,2,artifacts/sentiment-analysis/c6525-100g/flink/1000000,i0s0-e2f4fb3b3e1636ba27ce4fce057126bc,0,0,TwitterParser,,1.0,9150.887242268043,14712.055111683849,15052.693462199311,TwitterAnalyzer,,0.9999942228626426,11658.448668384879,17170.85401632303,17496.729587628863
Sentiment Analysis,flink,Sentiment Analysis,1,c6525-100g,1000000,"10,16,16,1",10,16.0,1,M,3,4,2,artifacts/sentiment-analysis/c6525-100g/flink/1000000,i0s0-f7750f747e22ecefd9a590d56cdecd07,0,0,TwitterParser,,1.0,5651.256145833332,7813.97640625,8164.113641666667,TwitterAnalyzer,,0.9999955909518369,8867.948333333336,11034.849781249997,11385.950654166667
Sentiment Analysis,flink,Sentiment Analysis,1,c6525-100g,1000000,"10,40,40,1",10,40.0,1,XL,5,8,2,artifacts/sentiment-analysis/c6525-100g/flink/1000000,i0s0-98477da1b0517f92d55b2b5bf4cc53c1,0,0,TwitterParser,,1.0,9922.835833333334,27120.809812500003,28042.825825,TwitterAnalyzer,,0.9999972585070235,14062.780499999995,31121.75288333333,32086.380934999994
Sentiment Analysis,flink,Sentiment Analysis,1,c6525-100g,1000000,"10,48,48,1",10,48.0,1,XL,5,10,2,artifacts/sentiment-analysis/c6525-100g/flink/1000000,i0s0-68f7490bec960d474660ac7a79c19a53,0,0,TwitterParser,,1.0,5586.12405435009,16320.951397812232,17153.628481949054,TwitterAnalyzer,,0.9999948030934717,8129.779969442843,18790.798460840888,19638.068803625207
Sentiment Analysis,flink,Sentiment Analysis,1,c6525-100g,1000000,"10,4,4,1",10,4.0,1,XS,1,1,2,artifacts/sentiment-analysis/c6525-100g/flink/1000000,i0s0-f0483cb7b1e850dc1fc9ce7420bff711,0,0,TwitterParser,,1.0,11310.845310381505,13220.777609402028,13396.412069521715,TwitterAnalyzer,,0.9999947364750436,13541.20475916359,15533.661765977839,15705.753812473702
Sentiment Analysis,flink,Sentiment Analysis,1,c6525-100g,1000000,"10,64,64,1",10,64.0,1,XXL,6,13,2,artifacts/sentiment-analysis/c6525-100g/flink/1000000,i0s0-233d9636b747fca2176a0b770dd3551c,0,0,TwitterParser,,1.0,7424.509445115009,9548.24380064168,9933.866975978119,TwitterAnalyzer,,0.999994766074497,9649.023768491383,11918.458328156994,12340.786377233091
Sentiment Analysis,flink,Sentiment Analysis,1,c6525-100g,1000000,"10,80,80,1",10,80.0,1,XXL,6,16,2,artifacts/sentiment-analysis/c6525-100g/flink/1000000,i0s0-49ac349014ea0e80e49c9a37aeb45032,0,0,TwitterParser,,1.0009263933455494,7353.3357552731395,10699.64455279802,11138.795741521508,TwitterAnalyzer,,1.0006199369052087,9730.795898729117,13193.432241682958,13657.965106852118
Sentiment Analysis,flink,Sentiment Analysis,1,c6525-100g,1000000,"10,2,2,1",10,2.0,1,XS,1,1,2,artifacts/sentiment-analysis/c6525-100g/flink/1000000,i0s0-b641cfc242f831ea3d8d9c5abc031b71,0,0,TwitterParser,,1.0,14094.214897260274,15980.750000000002,16147.171164383562,TwitterAnalyzer,,0.9999947070656349,15980.224226804123,17850.715979381443,18014.991443298968
Sentiment Analysis,flink,Sentiment Analysis,1,c6525-100g,1000000,"10,96,96,1",10,96.0,1,XXL,6,16,2,artifacts/sentiment-analysis/c6525-100g/flink/1000000,i0s0-1d5765fd93f836a8443461dd4e062cca,0,0,TwitterParser,,1.0,7748.374942628161,9842.29531921177,10255.185465682816,TwitterAnalyzer,,0.9999956991777857,10103.633513343606,12354.968699591242,12800.439520459677
Sentiment Analysis,flink,Sentiment Analysis,1,c6525-100g,1000000,"10,72,72,1",10,72.0,1,XXL,6,15,2,artifacts/sentiment-analysis/c6525-100g/flink/1000000,i0s0-c1d85376802c0f2f92893318461fd1cc,0,0,TwitterParser,,0.9999999999999998,9029.523653134758,11426.567499898658,11885.613985656064,TwitterAnalyzer,,0.9999946757103864,11626.246650857538,14120.88644491388,14604.796346204892
Sentiment Analysis,flink,Sentiment Analysis,1,c6525-100g,1000000,"10,32,32,1",10,32.0,1,L,4,7,2,artifacts/sentiment-analysis/c6525-100g/flink/1000000,i0s0-b616a54f75bc2c89766479fc1a5e735e,0,0,TwitterParser,,1.0000000000000002,5836.041718750002,17620.640703125,18304.150325,TwitterAnalyzer,,0.9999965414452073,8692.310208333334,20482.610145833336,21181.563862500003
SentimentAnalysis,storm,Sentiment Analysis,1,c6525-100g,500000,"10,80,80,1",10,80.0,1,XXL,6,16,2,artifacts/sentiment-analysis/c6525-100g/storm/500000,i9s0-SentimentAnalysis-55-1760194890,9,0,,parse-tweet-bolt,0.9992717459778485,0.016,0.02,0.02,,analyze-sentiment-bolt,1.0,1.865,1.868,1.868
SentimentAnalysis,storm,Sentiment Analysis,1,c6525-100g,500000,"10,4,4,1",10,4.0,1,XS,1,1,2,artifacts/sentiment-analysis/c6525-100g/storm/500000,i1s0-SentimentAnalysis-47-1760191558,1,0,,parse-tweet-bolt,0.99986044780748,0.006,0.007,0.007,,analyze-sentiment-bolt,,0.0,0.0,0.0
SentimentAnalysis,storm,Sentiment Analysis,1,c6525-100g,500000,"10,16,16,1",10,16.0,1,M,3,4,2,artifacts/sentiment-analysis/c6525-100g/storm/500000,i3s0-SentimentAnalysis-49-1760192389,3,0,,parse-tweet-bolt,1.0009171002403126,0.011,0.013,0.013,,analyze-sentiment-bolt,,0.0,0.0,0.0
SentimentAnalysis,storm,Sentiment Analysis,1,c6525-100g,500000,"10,8,8,1",10,8.0,1,S,2,2,2,artifacts/sentiment-analysis/c6525-100g/storm/500000,i2s0-SentimentAnalysis-48-1760191974,2,0,,parse-tweet-bolt,1.0000015624633798,0.008,0.009,0.009,,analyze-sentiment-bolt,,0.0,0.0,0.0
SentimentAnalysis,storm,Sentiment Analysis,1,c6525-100g,500000,"10,2,2,1",10,2.0,1,XS,1,1,2,artifacts/sentiment-analysis/c6525-100g/storm/500000,i0s0-SentimentAnalysis-46-1760191142,0,0,,parse-tweet-bolt,0.9999152300607247,0.004,0.006,0.006,,analyze-sentiment-bolt,,0.0,0.0,0.0
SentimentAnalysis,storm,Sentiment Analysis,1,c6525-100g,500000,"10,32,32,1",10,32.0,1,L,4,7,2,artifacts/sentiment-analysis/c6525-100g/storm/500000,i4s0-SentimentAnalysis-50-1760192805,4,0,,parse-tweet-bolt,0.9986884598794465,0.01,0.016,0.016,,analyze-sentiment-bolt,,0.0,0.0,0.0
SentimentAnalysis,storm,Sentiment Analysis,1,c6525-100g,500000,"10,96,96,1",10,96.0,1,XXL,6,16,2,artifacts/sentiment-analysis/c6525-100g/storm/500000,i10s0-SentimentAnalysis-56-1760195304,10,0,,parse-tweet-bolt,0.9979172278446916,0.01,0.01,0.01,,analyze-sentiment-bolt,1.0,1.654,2.065,2.065
SentimentAnalysis,storm,Sentiment Analysis,1,c6525-100g,500000,"10,64,64,1",10,64.0,1,XXL,6,13,2,artifacts/sentiment-analysis/c6525-100g/storm/500000,i7s0-SentimentAnalysis-53-1760194055,7,0,,parse-tweet-bolt,1.0001163331782223,0.016,0.017,0.017,,analyze-sentiment-bolt,1.0,1.451,1.492,1.492
SentimentAnalysis,storm,Sentiment Analysis,1,c6525-100g,500000,"10,40,40,1",10,40.0,1,XL,5,8,2,artifacts/sentiment-analysis/c6525-100g/storm/500000,i5s0-SentimentAnalysis-51-1760193221,5,0,,parse-tweet-bolt,1.0007504998358747,0.011,0.018,0.018,,analyze-sentiment-bolt,,0.0,0.0,0.0
SentimentAnalysis,storm,Sentiment Analysis,1,c6525-100g,500000,"10,48,48,1",10,48.0,1,XL,5,10,2,artifacts/sentiment-analysis/c6525-100g/storm/500000,i6s0-SentimentAnalysis-52-1760193638,6,0,,parse-tweet-bolt,0.9993887080061911,0.011,0.011,0.011,,analyze-sentiment-bolt,,0.0,0.0,0.0
SentimentAnalysis,storm,Sentiment Analysis,1,c6525-100g,500000,"10,72,72,1",10,72.0,1,XXL,6,15,2,artifacts/sentiment-analysis/c6525-100g/storm/500000,i8s0-SentimentAnalysis-54-1760194472,8,0,,parse-tweet-bolt,0.9976985147211423,0.012,0.017,0.017,,analyze-sentiment-bolt,0.9998745766963502,1.426,1.904,1.904
SentimentAnalysis,storm,Sentiment Analysis,1,c6525-100g,100000,"10,40,40,1",10,40.0,1,XL,5,8,2,artifacts/sentiment-analysis/c6525-100g/storm/100000,i5s0-SentimentAnalysis-40-1760188527,5,0,,parse-tweet-bolt,0.9989206820472313,0.013,0.015,0.015,,analyze-sentiment-bolt,,0.0,0.0,0.0
SentimentAnalysis,storm,Sentiment Analysis,1,c6525-100g,100000,"10,64,64,1",10,64.0,1,XXL,6,13,2,artifacts/sentiment-analysis/c6525-100g/storm/100000,i7s0-SentimentAnalysis-42-1760189357,7,0,,parse-tweet-bolt,0.9978664363772598,0.014,0.014,0.014,,analyze-sentiment-bolt,1.0,1.554,1.573,1.573
SentimentAnalysis,storm,Sentiment Analysis,1,c6525-100g,100000,"10,80,80,1",10,80.0,1,XXL,6,16,2,artifacts/sentiment-analysis/c6525-100g/storm/100000,i9s0-SentimentAnalysis-44-1760190190,9,0,,parse-tweet-bolt,0.9990100113422542,0.016,0.016,0.016,,analyze-sentiment-bolt,1.0,1.704,1.7040000000000002,1.704
SentimentAnalysis,storm,Sentiment Analysis,1,c6525-100g,100000,"10,16,16,1",10,16.0,1,M,3,4,2,artifacts/sentiment-analysis/c6525-100g/storm/100000,i3s0-SentimentAnalysis-38-1760187694,3,0,,parse-tweet-bolt,1.0001089839998667,0.01,0.015,0.015,,analyze-sentiment-bolt,,0.0,0.0,0.0
SentimentAnalysis,storm,Sentiment Analysis,1,c6525-100g,100000,"10,96,96,1",10,96.0,1,XXL,6,16,2,artifacts/sentiment-analysis/c6525-100g/storm/100000,i10s0-SentimentAnalysis-45-1760190607,10,0,,parse-tweet-bolt,1.0007022068446014,0.01,0.011,0.011,,analyze-sentiment-bolt,1.0,1.664,1.721,1.721
SentimentAnalysis,storm,Sentiment Analysis,1,c6525-100g,100000,"10,72,72,1",10,72.0,1,XXL,6,15,2,artifacts/sentiment-analysis/c6525-100g/storm/100000,i8s0-SentimentAnalysis-43-1760189774,8,0,,parse-tweet-bolt,0.9984168259061756,0.014,0.015,0.015,,analyze-sentiment-bolt,1.0,1.385,1.602,1.602
SentimentAnalysis,storm,Sentiment Analysis,1,c6525-100g,100000,"10,32,32,1",10,32.0,1,L,4,7,2,artifacts/sentiment-analysis/c6525-100g/storm/100000,i4s0-SentimentAnalysis-39-1760188112,4,0,,parse-tweet-bolt,0.9984443952779594,0.012,0.014,0.014,,analyze-sentiment-bolt,,0.0,0.0,0.0
SentimentAnalysis,storm,Sentiment Analysis,1,c6525-100g,100000,"10,48,48,1",10,48.0,1,XL,5,10,2,artifacts/sentiment-analysis/c6525-100g/storm/100000,i6s0-SentimentAnalysis-41-1760188942,6,0,,parse-tweet-bolt,0.9986752782085816,0.015,0.016,0.016,,analyze-sentiment-bolt,,0.0,0.0,0.0
SentimentAnalysis,storm,Sentiment Analysis,1,c6525-100g,100000,"10,2,2,1",10,2.0,1,XS,1,1,2,artifacts/sentiment-analysis/c6525-100g/storm/100000,i0s0-SentimentAnalysis-35-1760186448,0,0,,parse-tweet-bolt,0.9998669752526881,0.004,0.007,0.007,,analyze-sentiment-bolt,,0.0,0.0,0.0
SentimentAnalysis,storm,Sentiment Analysis,1,c6525-100g,100000,"10,4,4,1",10,4.0,1,XS,1,1,2,artifacts/sentiment-analysis/c6525-100g/storm/100000,i1s0-SentimentAnalysis-36-1760186862,1,0,,parse-tweet-bolt,0.9999412226649258,0.006,0.012,0.012,,analyze-sentiment-bolt,,0.0,0.0,0.0
SentimentAnalysis,storm,Sentiment Analysis,1,c6525-100g,100000,"10,8,8,1",10,8.0,1,S,2,2,2,artifacts/sentiment-analysis/c6525-100g/storm/100000,i2s0-SentimentAnalysis-37-1760187278,2,0,,parse-tweet-bolt,0.999972102728911,0.006,0.012,0.012,,analyze-sentiment-bolt,,0.0,0.0,0.0
SentimentAnalysis,storm,Sentiment Analysis,1,c6525-100g,1000000,"10,64,64,1",10,64.0,1,XXL,6,13,2,artifacts/sentiment-analysis/c6525-100g/storm/1000000,i7s0-SentimentAnalysis-64-1760200739,7,0,,parse-tweet-bolt,1.0014054629318099,0.013,0.016,0.016,,analyze-sentiment-bolt,1.0,1.704,1.876,1.876
SentimentAnalysis,storm,Sentiment Analysis,1,c6525-100g,1000000,"10,2,2,1",10,2.0,1,XS,1,1,2,artifacts/sentiment-analysis/c6525-100g/storm/1000000,i0s0-SentimentAnalysis-57-1760197836,0,0,,parse-tweet-bolt,1.0000215464171387,0.006,0.007,0.007,,analyze-sentiment-bolt,,0.0,0.0,0.0
SentimentAnalysis,storm,Sentiment Analysis,1,c6525-100g,1000000,"10,80,80,1",10,80.0,1,XXL,6,16,2,artifacts/sentiment-analysis/c6525-100g/storm/1000000,i9s0-SentimentAnalysis-66-1760201569,9,0,,parse-tweet-bolt,1.0003103225900298,0.012,0.014,0.014,,analyze-sentiment-bolt,1.0,1.334,1.768,1.768
SentimentAnalysis,storm,Sentiment Analysis,1,c6525-100g,1000000,"10,96,96,1",10,96.0,1,XXL,6,16,2,artifacts/sentiment-analysis/c6525-100g/storm/1000000,i10s0-SentimentAnalysis-67-1760201984,10,0,,parse-tweet-bolt,0.9983248825807117,0.012,0.014,0.014,,analyze-sentiment-bolt,1.0,1.635,1.925,1.925
SentimentAnalysis,storm,Sentiment Analysis,1,c6525-100g,1000000,"10,40,40,1",10,40.0,1,XL,5,8,2,artifacts/sentiment-analysis/c6525-100g/storm/1000000,i5s0-SentimentAnalysis-62-1760199910,5,0,,parse-tweet-bolt,0.9998773472973853,0.012,0.017,0.017,,analyze-sentiment-bolt,,0.0,0.0,0.0
SentimentAnalysis,storm,Sentiment Analysis,1,c6525-100g,1000000,"10,72,72,1",10,72.0,1,XXL,6,15,2,artifacts/sentiment-analysis/c6525-100g/storm/1000000,i8s0-SentimentAnalysis-65-1760201154,8,0,,parse-tweet-bolt,1.0011814592525445,0.011,0.011,0.011,,analyze-sentiment-bolt,1.0,1.798,1.851,1.851
SentimentAnalysis,storm,Sentiment Analysis,1,c6525-100g,1000000,"10,8,8,1",10,8.0,1,S,2,2,2,artifacts/sentiment-analysis/c6525-100g/storm/1000000,i2s0-SentimentAnalysis-59-1760198666,2,0,,parse-tweet-bolt,1.0003590310568344,0.016,0.022,0.022,,analyze-sentiment-bolt,,0.0,0.0,0.0
SentimentAnalysis,storm,Sentiment Analysis,1,c6525-100g,1000000,"10,4,4,1",10,4.0,1,XS,1,1,2,artifacts/sentiment-analysis/c6525-100g/storm/1000000,i1s0-SentimentAnalysis-58-1760198250,1,0,,parse-tweet-bolt,1.000098995198733,0.009,0.009,0.009,,analyze-sentiment-bolt,,0.0,0.0,0.0
SentimentAnalysis,storm,Sentiment Analysis,1,c6525-100g,1000000,"10,32,32,1",10,32.0,1,L,4,7,2,artifacts/sentiment-analysis/c6525-100g/storm/1000000,i4s0-SentimentAnalysis-61-1760199494,4,0,,parse-tweet-bolt,1.00023629342669,0.013,0.014,0.014,,analyze-sentiment-bolt,,0.0,0.0,0.0
SentimentAnalysis,storm,Sentiment Analysis,1,c6525-100g,1000000,"10,16,16,1",10,16.0,1,M,3,4,2,artifacts/sentiment-analysis/c6525-100g/storm/1000000,i3s0-SentimentAnalysis-60-1760199080,3,0,,parse-tweet-bolt,0.9999401857233291,0.009,0.016,0.016,,analyze-sentiment-bolt,,0.0,0.0,0.0
SentimentAnalysis,storm,Sentiment Analysis,1,c6525-100g,1000000,"10,48,48,1",10,48.0,1,XL,5,10,2,artifacts/sentiment-analysis/c6525-100g/storm/1000000,i6s0-SentimentAnalysis-63-1760200325,6,0,,parse-tweet-bolt,0.999544323350965,0.011,0.011,0.011,,analyze-sentiment-bolt,,0.0,0.0,0.0
Sentiment Analysis,flink,Sentiment Analysis,1,m510,500000,"10,16,16,1",10,16.0,1,M,3,4,2,artifacts/sentiment-analysis/m510/flink/500000,i0s0-16190627d38e0291b0efeefeec28c3da,0,0,TwitterParser,,1.0,16552.81458333333,20868.990958333325,21354.373166666664,TwitterAnalyzer,,0.999993568544523,20840.549270833337,25276.97130208334,25774.724454166666
Sentiment Analysis,flink,Sentiment Analysis,1,m510,500000,"10,40,40,1",10,40.0,1,XL,5,8,2,artifacts/sentiment-analysis/m510/flink/500000,i0s0-2a792376570b9f650be8d546f6884627,0,0,TwitterParser,,1.0,17383.723291666665,21649.223220833337,22402.919420000002,TwitterAnalyzer,,0.9999926369662343,22239.989958333335,26719.395475000005,27481.026216666665
Sentiment Analysis,flink,Sentiment Analysis,1,m510,500000,"10,2,2,1",10,2.0,1,XS,1,1,2,artifacts/sentiment-analysis/m510/flink/500000,i0s0-556a22c7efb19892f2721b7e6d47ece1,0,0,TwitterParser,,1.0,24020.901666666672,26497.81033333333,26700.22806666667,TwitterAnalyzer,,0.9999935479972674,26994.959166666667,29583.12283333333,29773.541900000007
Sentiment Analysis,flink,Sentiment Analysis,1,m510,500000,"10,4,4,1",10,4.0,1,XS,1,1,2,artifacts/sentiment-analysis/m510/flink/500000,i0s0-8fd14405995db1d9a3e0ac894728dced,0,0,TwitterParser,,1.0,20910.197500000006,24239.52904166667,24413.109900000003,TwitterAnalyzer,,0.9999937572299079,24667.537916666664,28011.631791666663,28204.588283333323
Sentiment Analysis,flink,Sentiment Analysis,1,m510,500000,"10,32,32,1",10,32.0,1,L,4,7,2,artifacts/sentiment-analysis/m510/flink/500000,i0s0-a6c3943b8f9f3e0407e4a4b67bf4c265,0,0,TwitterParser,,1.0,16398.84072916667,20123.209427083333,20754.838470833336,TwitterAnalyzer,,0.999994568881428,20650.04046875,24601.20423958333,25257.235660416663
Sentiment Analysis,flink,Sentiment Analysis,1,m510,500000,"10,8,8,1",10,8.0,1,S,2,2,2,artifacts/sentiment-analysis/m510/flink/500000,i0s0-034f6ef3744287ffbb39f134f7ea9340,0,0,TwitterParser,,1.0,18087.83645833333,21497.774666666668,21786.94085833333,TwitterAnalyzer,,0.9999939162905919,22051.79645833333,25559.1718125,25858.73641666667
Sentiment Analysis,flink,Sentiment Analysis,1,m510,100000,"10,40,40,1",10,40.0,1,XL,5,8,2,artifacts/sentiment-analysis/m510/flink/100000,i0s0-21deed3d6bc6e296e7b20df125c673cc,0,0,TwitterParser,,1.0,15583.899500000003,21051.180754166668,21788.94225333334,TwitterAnalyzer,,0.99999315319548,20374.127125000006,25941.73495833333,26686.448613333334
Sentiment Analysis,flink,Sentiment Analysis,1,m510,100000,"10,16,16,1",10,16.0,1,M,3,4,2,artifacts/sentiment-analysis/m510/flink/100000,i0s0-1b98a6cf0f56e98c87a9efeea97b19d7,0,0,TwitterParser,,0.9962226758671704,13411.50458333333,19896.736354166667,20293.23947083333,TwitterAnalyzer,,0.996406411972811,17085.825416666667,23615.637500000004,24025.878637499998
Sentiment Analysis,flink,Sentiment Analysis,1,m510,100000,"10,4,4,1",10,4.0,1,XS,1,1,2,artifacts/sentiment-analysis/m510/flink/100000,i0s0-452f3c12e7ac8f84da2ef4d51861bba8,0,0,TwitterParser,,1.0,18873.695416666666,22841.714583333334,23090.869533333334,TwitterAnalyzer,,0.9999937398683686,22631.64458333333,26594.37425,26863.42371666666
Sentiment Analysis,flink,Sentiment Analysis,1,m510,100000,"10,32,32,1",10,32.0,1,L,4,7,2,artifacts/sentiment-analysis/m510/flink/100000,i0s0-102257c97d01d3d38949bbc199b474f6,0,0,TwitterParser,,1.0,13749.052864583333,19123.75208854167,19783.52981666667,TwitterAnalyzer,,0.9999941158372132,18123.440729166665,23618.777791666664,24283.585418749997
Sentiment Analysis,flink,Sentiment Analysis,1,m510,100000,"10,2,2,1",10,2.0,1,XS,1,1,2,artifacts/sentiment-analysis/m510/flink/100000,i0s0-9d99774a6481a4748a3b2e1eacd94394,0,0,TwitterParser,,1.0,21459.25916666667,23981.23466666666,24305.131966666668,TwitterAnalyzer,,0.9999932576481871,25033.01416666667,27392.804500000006,27713.4529
Sentiment Analysis,flink,Sentiment Analysis,1,m510,100000,"10,8,8,1",10,8.0,1,S,2,2,2,artifacts/sentiment-analysis/m510/flink/100000,i0s0-1a98f49095f092c664c62e86437cc360,0,0,TwitterParser,,1.0,16621.17541666667,23242.71910416667,23674.56550833333,TwitterAnalyzer,,0.9999930668413528,20976.71083333333,27491.442062500002,27886.682683333333
Sentiment Analysis,flink,Sentiment Analysis,1,m510,1000000,"10,40,40,1",10,40.0,1,XL,5,8,2,artifacts/sentiment-analysis/m510/flink/1000000,i0s0-e79d66465cb3ebc601df92c5c8a8c743,0,0,TwitterParser,,1.0,17222.08479166666,21596.9958875,22365.491076666673,TwitterAnalyzer,,0.9999923641933611,22157.79125,26774.196929166657,27548.339024999997
Sentiment Analysis,flink,Sentiment Analysis,1,m510,1000000,"10,16,16,1",10,16.0,1,M,3,4,2,artifacts/sentiment-analysis/m510/flink/1000000,i0s0-feb11089670f26592b132ea96e90e3a8,0,0,TwitterParser,,1.0,16059.440937500001,20036.12578125,20498.499075,TwitterAnalyzer,,0.999993558017514,20363.66395833333,24499.16815625,24972.211854166664
Sentiment Analysis,flink,Sentiment Analysis,1,m510,1000000,"10,8,8,1",10,8.0,1,S,2,2,2,artifacts/sentiment-analysis/m510/flink/1000000,i0s0-eb888de66858efcc5d6c02317c6b7d0e,0,0,TwitterParser,,1.0000000000000002,18545.600208333333,22360.878791666666,22686.15685,TwitterAnalyzer,,0.9999936958334187,22588.161666666667,26503.256520833333,26834.67646666667
Sentiment Analysis,flink,Sentiment Analysis,1,m510,1000000,"10,32,32,1",10,32.0,1,L,4,7,2,artifacts/sentiment-analysis/m510/flink/1000000,i0s0-a86cfe99175ea08a792967b93cf71c1b,0,0,TwitterParser,,1.0001352014542493,14904.4421875,18280.94660416667,18885.82816666667,TwitterAnalyzer,,1.00130918632689,18706.21609375,22337.14063020833,22973.657116666665
Sentiment Analysis,flink,Sentiment Analysis,1,m510,1000000,"10,2,2,1",10,2.0,1,XS,1,1,2,artifacts/sentiment-analysis/m510/flink/1000000,i0s0-3fa741d6dc0002d91da9e1f8a457ef84,0,0,TwitterParser,,1.0,23980.874166666665,26747.86841666666,26942.139366666677,TwitterAnalyzer,,0.9999938906369024,27182.47083333332,29766.1645,29982.092566666677
Sentiment Analysis,flink,Sentiment Analysis,1,m510,1000000,"10,4,4,1",10,4.0,1,XS,1,1,2,artifacts/sentiment-analysis/m510/flink/1000000,i0s0-a6ce44c4987295023ba47869c01b69be,0,0,TwitterParser,,1.0,21276.826666666668,24358.48579166666,24565.664266666667,TwitterAnalyzer,,0.9999935294660033,25006.387916666667,28251.568333333325,28461.874533333335
SentimentAnalysis,storm,Sentiment Analysis,1,m510,500000,"10,32,32,1",10,32.0,1,L,4,7,2,artifacts/sentiment-analysis/m510/storm/500000,i0s0-SentimentAnalysis-26-1757891556,0,0,,parse-tweet-bolt,,0.0,0.0,0.0,,analyze-sentiment-bolt,1.0,5.5,7.739,7.739
SentimentAnalysis,storm,Sentiment Analysis,1,m510,500000,"10,4,4,1",10,4.0,1,XS,1,1,1,artifacts/sentiment-analysis/m510/storm/500000,i0s0-SentimentAnalysis-23-1757889348,0,0,,parse-tweet-bolt,0.9997960158253769,0.025,0.098,0.098,,,,,,
SentimentAnalysis,storm,Sentiment Analysis,1,m510,500000,"10,40,40,1",10,40.0,1,XL,5,8,2,artifacts/sentiment-analysis/m510/storm/500000,i0s0-SentimentAnalysis-27-1757892073,0,0,,parse-tweet-bolt,,0.0,0.0,0.0,,analyze-sentiment-bolt,1.0,0.0,4.259,4.259
SentimentAnalysis,storm,Sentiment Analysis,1,m510,500000,"10,2,2,1",10,2.0,1,XS,1,1,1,artifacts/sentiment-analysis/m510/storm/500000,i0s0-SentimentAnalysis-22-1757888684,0,0,,parse-tweet-bolt,1.0000164222488628,0.043,0.058,0.058,,,,,,
SentimentAnalysis,storm,Sentiment Analysis,1,m510,500000,"10,8,8,1",10,8.0,1,S,2,2,2,artifacts/sentiment-analysis/m510/storm/500000,i0s0-SentimentAnalysis-24-1757889833,0,0,,parse-tweet-bolt,0.9999668987067325,0.055,0.077,0.077,,analyze-sentiment-bolt,,0.0,0.0,0.0
SentimentAnalysis,storm,Sentiment Analysis,1,m510,500000,"10,16,16,1",10,16.0,1,M,3,4,2,artifacts/sentiment-analysis/m510/storm/500000,i0s0-SentimentAnalysis-25-1757890622,0,0,,parse-tweet-bolt,0.9994077492224953,0.044,0.215,0.215,,analyze-sentiment-bolt,1.0,3.813,6.994,6.994
SentimentAnalysis,storm,Sentiment Analysis,1,m510,100000,"10,40,40,1",10,40.0,1,XL,5,8,2,artifacts/sentiment-analysis/m510/storm/100000,i0s0-SentimentAnalysis-21-1757888188,0,0,,parse-tweet-bolt,,0.0,0.0,0.0,,analyze-sentiment-bolt,1.0,11.4,20.655,20.655
SentimentAnalysis,storm,Sentiment Analysis,1,m510,100000,"10,16,16,1",10,16.0,1,M,3,4,2,artifacts/sentiment-analysis/m510/storm/100000,i0s0-SentimentAnalysis-19-1757887005,0,0,,parse-tweet-bolt,1.000629282774957,0.038,0.404,0.404,,analyze-sentiment-bolt,0.9997896508203619,3.854,5.244,5.244
SentimentAnalysis,storm,Sentiment Analysis,1,m510,100000,"10,32,32,1",10,32.0,1,L,4,7,2,artifacts/sentiment-analysis/m510/storm/100000,i0s0-SentimentAnalysis-20-1757887494,0,0,,parse-tweet-bolt,,0.0,0.0,0.0,,analyze-sentiment-bolt,1.0,5.532,8.833,8.833
SentimentAnalysis,storm,Sentiment Analysis,1,m510,100000,"10,8,8,1",10,8.0,1,S,2,2,2,artifacts/sentiment-analysis/m510/storm/100000,i0s0-SentimentAnalysis-18-1757886456,0,0,,parse-tweet-bolt,0.9999809197628327,0.035,0.058,0.058,,analyze-sentiment-bolt,,0.0,0.0,0.0
SentimentAnalysis,storm,Sentiment Analysis,1,m510,100000,"10,2,2,1",10,2.0,1,XS,1,1,1,artifacts/sentiment-analysis/m510/storm/100000,i0s0-SentimentAnalysis-16-1757884856,0,0,,parse-tweet-bolt,1.0000710557102146,0.015,0.056,0.056,,,,,,
SentimentAnalysis,storm,Sentiment Analysis,1,m510,100000,"10,4,4,1",10,4.0,1,XS,1,1,2,artifacts/sentiment-analysis/m510/storm/100000,i0s0-SentimentAnalysis-17-1757885745,0,0,,parse-tweet-bolt,1.0002559036983203,0.017,0.046,0.046,,analyze-sentiment-bolt,,0.0,0.0,0.0
SentimentAnalysis,storm,Sentiment Analysis,1,m510,1000000,"10,40,40,1",10,40.0,1,XL,5,8,2,artifacts/sentiment-analysis/m510/storm/1000000,i0s0-SentimentAnalysis-28-1757892799,0,0,,parse-tweet-bolt,,0.0,0.0,0.0,,analyze-sentiment-bolt,1.0,10.6,10.6,10.6
SentimentAnalysis,storm,Sentiment Analysis,1,m510,1000000,"10,8,8,1",10,8.0,1,S,2,2,1,artifacts/sentiment-analysis/m510/storm/1000000,i0s0-SentimentAnalysis-31-1757895132,0,0,,parse-tweet-bolt,1.0010542057907768,0.054,0.078,0.078,,,,,,
SentimentAnalysis,storm,Sentiment Analysis,1,m510,1000000,"10,2,2,1",10,2.0,1,XS,1,1,1,artifacts/sentiment-analysis/m510/storm/1000000,i0s0-SentimentAnalysis-33-1757896140,0,0,,parse-tweet-bolt,0.9997386310678893,0.02,0.06,0.06,,,,,,
SentimentAnalysis,storm,Sentiment Analysis,1,m510,1000000,"10,32,32,1",10,32.0,1,L,4,7,2,artifacts/sentiment-analysis/m510/storm/1000000,i0s0-SentimentAnalysis-29-1757893804,0,0,,parse-tweet-bolt,,0.0,0.0,0.0,,analyze-sentiment-bolt,1.0,4.701,7.875,7.875
SentimentAnalysis,storm,Sentiment Analysis,1,m510,1000000,"10,16,16,1",10,16.0,1,M,3,4,2,artifacts/sentiment-analysis/m510/storm/1000000,i0s0-SentimentAnalysis-30-1757894376,0,0,,parse-tweet-bolt,0.9991476961072496,0.042,0.234,0.234,,analyze-sentiment-bolt,1.0,4.329,6.451,6.451
SentimentAnalysis,storm,Sentiment Analysis,1,m510,1000000,"10,4,4,1",10,4.0,1,XS,1,1,1,artifacts/sentiment-analysis/m510/storm/1000000,i0s0-SentimentAnalysis-32-1757895656,0,0,,parse-tweet-bolt,1.0002482843400708,0.041,0.079,0.079,,,,,,
Sentiment Analysis,flink,Sentiment Analysis,1,c6525-25g,500000,"10,32,32,1",10,32.0,1,L,4,7,2,artifacts/sentiment-analysis/c6525-25g/flink/500000,i0s0-0dc0322939c77c2f2c5a98c1db0c8b71,0,0,TwitterParser,,1.0000003354963904,9820.166614583333,11749.045411458332,12108.490560416667,TwitterAnalyzer,,0.9999961497111197,12796.976718749998,14809.114645833331,15184.480866666665
Sentiment Analysis,flink,Sentiment Analysis,1,c6525-25g,500000,"10,40,40,1",10,40.0,1,XL,5,8,2,artifacts/sentiment-analysis/c6525-25g/flink/500000,i0s0-de65b6fe20ded4bcf2cd4a55e7b7a4c3,0,0,TwitterParser,,1.0,11487.090624999995,14339.585712499998,14846.910976666664,TwitterAnalyzer,,0.9999964973333929,14417.32191666667,17345.872383333335,17857.46441499999
Sentiment Analysis,flink,Sentiment Analysis,1,c6525-25g,500000,"10,64,64,1",10,64.0,1,XXL,6,13,2,artifacts/sentiment-analysis/c6525-25g/flink/500000,i0s0-10a3bbb43b490e2cfa999c3651e5882f,0,0,TwitterParser,,1.0,8020.618958333332,11954.203986979162,12371.55028020834,TwitterAnalyzer,,0.9999962320052085,10874.313203124999,14912.397651041665,15344.540446874997
Sentiment Analysis,flink,Sentiment Analysis,1,c6525-25g,500000,"10,2,2,1",10,2.0,1,XS,1,1,2,artifacts/sentiment-analysis/c6525-25g/flink/500000,i0s0-48f0b4382f2fa991c08c1117941ba59f,0,0,TwitterParser,,1.0,17870.023333333334,20001.45425000001,20264.73443333334,TwitterAnalyzer,,0.9999961999347342,20150.59583333334,22153.126666666678,22435.31156666665
Sentiment Analysis,flink,Sentiment Analysis,1,c6525-25g,500000,"10,72,72,1",10,72.0,1,XXL,6,15,2,artifacts/sentiment-analysis/c6525-25g/flink/500000,i0s0-07623cf7f6fca6ed3bcb9c81bd6fb705,0,0,TwitterParser,,1.0,10676.529999999999,13493.005807870375,13998.375998148145,TwitterAnalyzer,,0.9999966703887471,13605.186828703705,16561.971215277783,17084.43188981482
Sentiment Analysis,flink,Sentiment Analysis,1,c6525-25g,500000,"10,4,4,1",10,4.0,1,XS,1,1,2,artifacts/sentiment-analysis/c6525-25g/flink/500000,i0s0-8c23126832dffdb2d18ae0c40d549ebc,0,0,TwitterParser,,1.0,14905.538750000009,17122.649208333332,17303.440266666672,TwitterAnalyzer,,0.9999962395527943,17580.692916666667,19841.296541666667,20006.451933333337
Sentiment Analysis,flink,Sentiment Analysis,1,c6525-25g,500000,"10,48,48,1",10,48.0,1,XL,5,10,2,artifacts/sentiment-analysis/c6525-25g/flink/500000,i0s0-06955bdce4b4a7de2adc1552f491813c,0,0,TwitterParser,,1.0,10053.83819444445,13067.304003472222,13557.118352777778,TwitterAnalyzer,,0.9999968567839762,12829.209444444448,15951.307864583332,16451.78968611111
Sentiment Analysis,flink,Sentiment Analysis,1,c6525-25g,500000,"10,16,16,1",10,16.0,1,M,3,4,2,artifacts/sentiment-analysis/c6525-25g/flink/500000,i0s0-84927a66ab6fdc2b556992bc21fa8aa5,0,0,TwitterParser,,0.9988212057970736,11027.760208333337,14054.108781249999,14450.517725000002,TwitterAnalyzer,,0.9987841573847607,14053.637604166668,17129.978385416664,17540.913608333332
Sentiment Analysis,flink,Sentiment Analysis,1,c6525-25g,500000,"10,8,8,1",10,8.0,1,S,2,2,2,artifacts/sentiment-analysis/c6525-25g/flink/500000,i0s0-d6fcaa51ae05e9df06eb56287f3ca7fd,0,0,TwitterParser,,1.0,12837.199166666669,15377.256666666659,15642.165791666666,TwitterAnalyzer,,0.9999968173254508,15747.62520833333,18360.730229166664,18642.989400000002
Sentiment Analysis,flink,Sentiment Analysis,1,c6525-25g,500000,"10,80,80,1",10,80.0,1,XXL,6,16,2,artifacts/sentiment-analysis/c6525-25g/flink/500000,i0s0-c29681e2dfe90fd06e91d53a62925f4a,0,0,TwitterParser,,1.0,10076.84216666667,12557.578243749998,13024.714368333327,TwitterAnalyzer,,0.9999962536769624,12952.787541666672,15574.221483333331,16061.231794166668
Sentiment Analysis,flink,Sentiment Analysis,1,c6525-25g,100000,"10,48,48,1",10,48.0,1,XL,5,10,2,artifacts/sentiment-analysis/c6525-25g/flink/100000,i0s0-62b127050d50a579c7245231e823e69f,0,0,TwitterParser,,1.0,10521.137986111109,13182.362149305558,13630.77429861111,TwitterAnalyzer,,0.9999960071627445,13529.761388888885,16214.480305555551,16663.829584722225
Sentiment Analysis,flink,Sentiment Analysis,1,c6525-25g,100000,"10,72,72,1",10,72.0,1,XXL,6,15,2,artifacts/sentiment-analysis/c6525-25g/flink/100000,i0s0-95c9fa78e8bd3b2b78cf8cce29e82e67,0,0,TwitterParser,,1.0,9094.1292824074,11400.100787037038,11806.909675925923,TwitterAnalyzer,,0.9999969748179028,11917.308634259261,14281.675210648145,14695.647533333333
Sentiment Analysis,flink,Sentiment Analysis,1,c6525-25g,100000,"10,64,64,1",10,64.0,1,XXL,6,13,2,artifacts/sentiment-analysis/c6525-25g/flink/100000,i0s0-f721e27c705d33be2b56704d547d346c,0,0,TwitterParser,,1.0,9389.621953124995,11950.43238802084,12398.764882291664,TwitterAnalyzer,,0.9999961791394107,12488.102473958334,15068.786755208332,15515.611548958326
Sentiment Analysis,flink,Sentiment Analysis,1,c6525-25g,100000,"10,8,8,1",10,8.0,1,S,2,2,2,artifacts/sentiment-analysis/c6525-25g/flink/100000,i0s0-7a4b680a3fa65ae5fa1e97adda068db1,0,0,TwitterParser,,1.0,13096.686458333334,15751.410020833333,16024.349316666667,TwitterAnalyzer,,0.9999964291710629,16117.359791666662,18788.423229166674,19054.86853333333
Sentiment Analysis,flink,Sentiment Analysis,1,c6525-25g,100000,"10,2,2,1",10,2.0,1,XS,1,1,2,artifacts/sentiment-analysis/c6525-25g/flink/100000,i0s0-b4b60064905513e6772477bfa101d8f0,0,0,TwitterParser,,1.0,17953.19916666666,19982.431750000007,20147.258366666658,TwitterAnalyzer,,0.9999963919661109,20489.994999999995,22446.014500000005,22629.55163333333
Sentiment Analysis,flink,Sentiment Analysis,1,c6525-25g,100000,"10,32,32,1",10,32.0,1,L,4,7,2,artifacts/sentiment-analysis/c6525-25g/flink/100000,i0s0-77810d1b09333b04186154dc6051d78d,0,0,TwitterParser,,1.0,10321.177031250001,13812.745536458337,14257.585802083333,TwitterAnalyzer,,0.9999969896217864,13420.544739583333,16912.74972395833,17355.603639583333
Sentiment Analysis,flink,Sentiment Analysis,1,c6525-25g,100000,"10,40,40,1",10,40.0,1,XL,5,8,2,artifacts/sentiment-analysis/c6525-25g/flink/100000,i0s0-6062bff3a17e721421f335792df648e3,0,0,TwitterParser,,1.000001674173213,11312.409750000003,13929.01405416667,14398.230765,TwitterAnalyzer,,0.9999963460185141,14379.814958333332,17017.919733333336,17482.91977166667
Sentiment Analysis,flink,Sentiment Analysis,1,c6525-25g,100000,"10,4,4,1",10,4.0,1,XS,1,1,2,artifacts/sentiment-analysis/c6525-25g/flink/100000,i0s0-8bb5816f42903eed694cc2498787f5ae,0,0,TwitterParser,,1.0,14901.431250000005,17784.1325,17988.422066666662,TwitterAnalyzer,,0.9999969173475008,17748.2975,20732.7565,20945.64811666666
Sentiment Analysis,flink,Sentiment Analysis,1,c6525-25g,100000,"10,80,80,1",10,80.0,1,XXL,6,16,2,artifacts/sentiment-analysis/c6525-25g/flink/100000,i0s0-59a15371a97a8a8a811bec5a4ab505b4,0,0,TwitterParser,,1.0,9769.651125,12239.257347916668,12673.32832083333,TwitterAnalyzer,,0.9999961470684963,12798.159833333331,15300.0156125,15729.087871666667
Sentiment Analysis,flink,Sentiment Analysis,1,c6525-25g,100000,"10,16,16,1",10,16.0,1,M,3,4,2,artifacts/sentiment-analysis/c6525-25g/flink/100000,i0s0-99f97ef406f2fb017cc8d42ec579308c,0,0,TwitterParser,,1.0000000000000002,11617.100416666664,14064.893635416664,14434.916041666667,TwitterAnalyzer,,0.9999964313116714,14685.949583333335,17156.061104166663,17530.330233333334
Sentiment Analysis,flink,Sentiment Analysis,1,c6525-25g,1000000,"10,64,64,1",10,64.0,1,XXL,6,13,2,artifacts/sentiment-analysis/c6525-25g/flink/1000000,i0s0-ec9b053dcf7f59f179bee27319d0802b,0,0,TwitterParser,,1.0,11272.748984374999,13808.360356770836,14229.218715624998,TwitterAnalyzer,,0.9999962852746459,14241.68552083333,16897.843976562504,17332.731992708334
Sentiment Analysis,flink,Sentiment Analysis,1,c6525-25g,1000000,"10,72,72,1",10,72.0,1,XXL,6,15,2,artifacts/sentiment-analysis/c6525-25g/flink/1000000,i0s0-72a8292a1f22d7dffe98b986d94c6c5e,0,0,TwitterParser,,1.0,8006.563888888892,9560.752997685184,9842.921945370368,TwitterAnalyzer,,0.9999966436254359,9814.48710648148,11666.195812500004,12015.036434259258
Sentiment Analysis,flink,Sentiment Analysis,1,c6525-25g,1000000,"10,8,8,1",10,8.0,1,S,2,2,2,artifacts/sentiment-analysis/c6525-25g/flink/1000000,i0s0-3be637c208ba5dd5351378249f6460ae,0,0,TwitterParser,,1.0,10733.813333333337,17428.498041666666,17728.625558333333,TwitterAnalyzer,,0.9999962169269133,13759.281875000002,20431.540479166666,20731.5305
Sentiment Analysis,flink,Sentiment Analysis,1,c6525-25g,1000000,"10,16,16,1",10,16.0,1,M,3,4,2,artifacts/sentiment-analysis/c6525-25g/flink/1000000,i0s0-102da7f5871779dd422138f35b048ca2,0,0,TwitterParser,,1.0,10790.408445459578,14966.667501868773,15382.779550761352,TwitterAnalyzer,,0.999996382283318,13791.00368770764,18010.190856589146,18425.912449114065
Sentiment Analysis,flink,Sentiment Analysis,1,c6525-25g,1000000,"10,48,48,1",10,48.0,1,XL,5,10,2,artifacts/sentiment-analysis/c6525-25g/flink/1000000,i0s0-869a3adf67a441cf1e825ff0d94993ee,0,0,TwitterParser,,1.0,10780.393020833335,13380.214402777776,13812.608711111112,TwitterAnalyzer,,0.9999967436133118,13789.441909722227,16467.061840277776,16902.21874027778
Sentiment Analysis,flink,Sentiment Analysis,1,c6525-25g,1000000,"10,4,4,1",10,4.0,1,XS,1,1,2,artifacts/sentiment-analysis/c6525-25g/flink/1000000,i0s0-c688e313473294430d3a4687bd1e8c2a,0,0,TwitterParser,,1.0,13335.234583333335,17733.355666666663,18062.92996666667,TwitterAnalyzer,,0.9999963444935491,16107.545833333326,20538.106208333335,20844.157133333338
Sentiment Analysis,flink,Sentiment Analysis,1,c6525-25g,1000000,"10,32,32,1",10,32.0,1,L,4,7,2,artifacts/sentiment-analysis/c6525-25g/flink/1000000,i0s0-e4c81415d28f906c2b27e34dc9bfcb74,0,0,TwitterParser,,1.0,8930.717812499997,11164.179609375,11540.077177083334,TwitterAnalyzer,,0.9999974465983404,11391.723020833333,13807.574229166668,14202.016983333333
Sentiment Analysis,flink,Sentiment Analysis,1,c6525-25g,1000000,"10,2,2,1",10,2.0,1,XS,1,1,2,artifacts/sentiment-analysis/c6525-25g/flink/1000000,i0s0-4e40ed1ed5b7ec3d2126cfea7577cfc9,0,0,TwitterParser,,1.0,16402.76166666666,18232.083749999998,18394.370033333336,TwitterAnalyzer,,0.999996501314016,18828.25416666667,20721.90016666667,20926.1794
Sentiment Analysis,flink,Sentiment Analysis,1,c6525-25g,1000000,"10,80,80,1",10,80.0,1,XXL,6,16,2,artifacts/sentiment-analysis/c6525-25g/flink/1000000,i0s0-2115f6095006080158eb25ac052fa623,0,0,TwitterParser,,1.0,11361.007916666664,14239.398154166665,14772.814685833333,TwitterAnalyzer,,0.9999964579088246,14610.18572916667,17606.200814583328,18148.534467500005
Sentiment Analysis,flink,Sentiment Analysis,1,c6525-25g,1000000,"10,40,40,1",10,40.0,1,XL,5,8,2,artifacts/sentiment-analysis/c6525-25g/flink/1000000,i0s0-b83bfa2723a77bce150a25beefd83d20,0,0,TwitterParser,,0.9999999999999997,10058.699916666666,12740.900029166663,13192.134458333334,TwitterAnalyzer,,0.999996758037137,12838.307625000001,15612.178429166665,16078.342606666673
SentimentAnalysis,storm,Sentiment Analysis,1,c6525-25g,500000,"10,80,80,1",10,80.0,1,XXL,6,16,2,artifacts/sentiment-analysis/c6525-25g/storm/500000,i0s0-SentimentAnalysis-21-1759151013,0,0,,parse-tweet-bolt,0.9747474747474747,1.204,1.2040000000000002,1.204,,analyze-sentiment-bolt,1.0,2.97,5.077,5.077
SentimentAnalysis,storm,Sentiment Analysis,1,c6525-25g,500000,"10,4,4,1",10,4.0,1,XS,1,1,2,artifacts/sentiment-analysis/c6525-25g/storm/500000,i0s0-SentimentAnalysis-13-1759146870,0,0,,parse-tweet-bolt,0.9999377376390746,0.008,0.016,0.016,,analyze-sentiment-bolt,,0.0,0.0,0.0
SentimentAnalysis,storm,Sentiment Analysis,1,c6525-25g,500000,"10,8,8,1",10,8.0,1,S,2,2,2,artifacts/sentiment-analysis/c6525-25g/storm/500000,i0s0-SentimentAnalysis-14-1759147364,0,0,,parse-tweet-bolt,1.0000465258683828,0.012,0.018,0.018,,analyze-sentiment-bolt,,0.0,0.0,0.0
SentimentAnalysis,storm,Sentiment Analysis,1,c6525-25g,500000,"10,2,2,1",10,2.0,1,XS,1,1,2,artifacts/sentiment-analysis/c6525-25g/storm/500000,i0s0-SentimentAnalysis-12-1759146225,0,0,,parse-tweet-bolt,1.0001365778152103,0.007,0.012,0.012,,analyze-sentiment-bolt,,0.0,0.0,0.0
SentimentAnalysis,storm,Sentiment Analysis,1,c6525-25g,500000,"10,16,16,1",10,16.0,1,M,3,4,2,artifacts/sentiment-analysis/c6525-25g/storm/500000,i0s0-SentimentAnalysis-15-1759147843,0,0,,parse-tweet-bolt,1.0009086450785616,0.017,0.018,0.018,,analyze-sentiment-bolt,,0.0,0.0,0.0
SentimentAnalysis,storm,Sentiment Analysis,1,c6525-25g,500000,"10,40,40,1",10,40.0,1,XL,5,8,2,artifacts/sentiment-analysis/c6525-25g/storm/500000,i0s0-SentimentAnalysis-17-1759148937,0,0,,parse-tweet-bolt,0.9999798954833192,0.011,0.02,0.02,,analyze-sentiment-bolt,1.0,1.671,2.11,2.11
SentimentAnalysis,storm,Sentiment Analysis,1,c6525-25g,500000,"10,48,48,1",10,48.0,1,XL,5,10,2,artifacts/sentiment-analysis/c6525-25g/storm/500000,i0s0-SentimentAnalysis-18-1759149478,0,0,,parse-tweet-bolt,1.0007660042476951,0.01,0.027,0.027,,analyze-sentiment-bolt,1.0002056766762648,1.657,2.118,2.118
SentimentAnalysis,storm,Sentiment Analysis,1,c6525-25g,500000,"10,64,64,1",10,64.0,1,XXL,6,13,2,artifacts/sentiment-analysis/c6525-25g/storm/500000,i0s0-SentimentAnalysis-19-1759149957,0,0,,parse-tweet-bolt,1.0015968145596732,0.01,0.023,0.023,,analyze-sentiment-bolt,1.0,1.421,3.141,3.141
SentimentAnalysis,storm,Sentiment Analysis,1,c6525-25g,500000,"10,32,32,1",10,32.0,1,L,4,7,2,artifacts/sentiment-analysis/c6525-25g/storm/500000,i0s0-SentimentAnalysis-16-1759148444,0,0,,parse-tweet-bolt,1.000350693004667,0.014,0.015,0.015,,analyze-sentiment-bolt,,0.0,0.0,0.0
SentimentAnalysis,storm,Sentiment Analysis,1,c6525-25g,500000,"10,72,72,1",10,72.0,1,XXL,6,15,2,artifacts/sentiment-analysis/c6525-25g/storm/500000,i0s0-SentimentAnalysis-20-1759150441,0,0,,parse-tweet-bolt,1.0001440967083637,0.01,0.013,0.013,,analyze-sentiment-bolt,1.0002537427048972,1.424,2.254,2.254
SentimentAnalysis,storm,Sentiment Analysis,1,c6525-25g,100000,"10,48,48,1",10,48.0,1,XL,5,10,2,artifacts/sentiment-analysis/c6525-25g/storm/100000,i0s0-SentimentAnalysis-8-1759143279,0,0,,parse-tweet-bolt,1.0011648649064264,0.016,0.043,0.043,,analyze-sentiment-bolt,1.0,1.338,1.917,1.917
SentimentAnalysis,storm,Sentiment Analysis,1,c6525-25g,100000,"10,16,16,1",10,16.0,1,M,3,4,2,artifacts/sentiment-analysis/c6525-25g/storm/100000,i0s0-SentimentAnalysis-5-1759140230,0,0,,parse-tweet-bolt,1.0005551003930229,0.013,0.016,0.016,,analyze-sentiment-bolt,,0.0,0.0,0.0
SentimentAnalysis,storm,Sentiment Analysis,1,c6525-25g,100000,"10,80,80,1",10,80.0,1,XXL,6,16,2,artifacts/sentiment-analysis/c6525-25g/storm/100000,i0s0-SentimentAnalysis-11-1759145737,0,0,,parse-tweet-bolt,1.0118694362017804,0.094,0.097,0.097,,analyze-sentiment-bolt,1.0,2.52,3.731,3.731
SentimentAnalysis,storm,Sentiment Analysis,1,c6525-25g,100000,"10,32,32,1",10,32.0,1,L,4,7,2,artifacts/sentiment-analysis/c6525-25g/storm/100000,i0s0-SentimentAnalysis-6-1759141296,0,0,,parse-tweet-bolt,0.9986104917823927,0.012,0.013,0.013,,analyze-sentiment-bolt,,0.0,0.0,0.0
SentimentAnalysis,storm,Sentiment Analysis,1,c6525-25g,100000,"10,64,64,1",10,64.0,1,XXL,6,13,2,artifacts/sentiment-analysis/c6525-25g/storm/100000,i0s0-SentimentAnalysis-9-1759144703,0,0,,parse-tweet-bolt,1.0008043269213582,0.009,0.029,0.029,,analyze-sentiment-bolt,1.0,1.679,2.325,2.325
SentimentAnalysis,storm,Sentiment Analysis,1,c6525-25g,100000,"10,40,40,1",10,40.0,1,XL,5,8,2,artifacts/sentiment-analysis/c6525-25g/storm/100000,i0s0-SentimentAnalysis-7-1759142264,0,0,,parse-tweet-bolt,1.000715967507349,0.013,0.042,0.042,,analyze-sentiment-bolt,1.0002161227577264,1.558,2.309,2.309
SentimentAnalysis,storm,Sentiment Analysis,1,c6525-25g,100000,"10,72,72,1",10,72.0,1,XXL,6,15,2,artifacts/sentiment-analysis/c6525-25g/storm/100000,i0s0-SentimentAnalysis-10-1759145184,0,0,,parse-tweet-bolt,0.9992444821731749,0.009,0.013,0.013,,analyze-sentiment-bolt,1.0002054653790837,1.35,1.689,1.689
SentimentAnalysis,storm,Sentiment Analysis,1,c6525-25g,100000,"10,8,8,1",10,8.0,1,S,2,2,2,artifacts/sentiment-analysis/c6525-25g/storm/100000,i0s0-SentimentAnalysis-4-1759139578,0,0,,parse-tweet-bolt,1.0001488452489558,0.01,0.012,0.012,,analyze-sentiment-bolt,,0.0,0.0,0.0
SentimentAnalysis,storm,Sentiment Analysis,1,c6525-25g,100000,"10,4,4,1",10,4.0,1,XS,1,1,2,artifacts/sentiment-analysis/c6525-25g/storm/100000,i0s0-SentimentAnalysis-3-1759138995,0,0,,parse-tweet-bolt,0.9998901122578698,0.006,0.009,0.009,,analyze-sentiment-bolt,,0.0,0.0,0.0
SentimentAnalysis,storm,Sentiment Analysis,1,c6525-25g,100000,"10,2,2,1",10,2.0,1,XS,1,1,2,artifacts/sentiment-analysis/c6525-25g/storm/100000,i0s0-SentimentAnalysis-1-1759135793,0,0,,parse-tweet-bolt,1.0003272959937002,0.007,0.013,0.013,,analyze-sentiment-bolt,,0.0,0.0,0.0
SentimentAnalysis,storm,Sentiment Analysis,1,c6525-25g,1000000,"10,16,16,1",10,16.0,1,M,3,4,2,artifacts/sentiment-analysis/c6525-25g/storm/1000000,i0s0-SentimentAnalysis-28-1759159012,0,0,,parse-tweet-bolt,1.0001854427445527,0.017,0.019,0.019,,analyze-sentiment-bolt,,0.0,0.0,0.0
SentimentAnalysis,storm,Sentiment Analysis,1,c6525-25g,1000000,"10,48,48,1",10,48.0,1,XL,5,10,2,artifacts/sentiment-analysis/c6525-25g/storm/1000000,i0s0-SentimentAnalysis-25-1759157127,0,0,,parse-tweet-bolt,0.999439956919763,0.012,0.018,0.018,,analyze-sentiment-bolt,1.0,1.619,1.913,1.913
SentimentAnalysis,storm,Sentiment Analysis,1,c6525-25g,1000000,"10,2,2,1",10,2.0,1,XS,1,1,2,artifacts/sentiment-analysis/c6525-25g/storm/1000000,i0s0-SentimentAnalysis-31-1759162667,0,0,,parse-tweet-bolt,0.9999901107268945,0.005,0.01,0.01,,analyze-sentiment-bolt,,0.0,0.0,0.0
SentimentAnalysis,storm,Sentiment Analysis,1,c6525-25g,1000000,"10,72,72,1",10,72.0,1,XXL,6,15,2,artifacts/sentiment-analysis/c6525-25g/storm/1000000,i0s0-SentimentAnalysis-23-1759155990,0,0,,parse-tweet-bolt,1.0000564336360596,0.01,0.01,0.01,,analyze-sentiment-bolt,1.000261917234154,1.33,1.977,1.977
SentimentAnalysis,storm,Sentiment Analysis,1,c6525-25g,1000000,"10,40,40,1",10,40.0,1,XL,5,8,2,artifacts/sentiment-analysis/c6525-25g/storm/1000000,i0s0-SentimentAnalysis-26-1759157701,0,0,,parse-tweet-bolt,0.9991273829421147,0.016,0.028,0.028,,analyze-sentiment-bolt,1.0,1.583,1.975,1.975
SentimentAnalysis,storm,Sentiment Analysis,1,c6525-25g,1000000,"10,80,80,1",10,80.0,1,XXL,6,16,2,artifacts/sentiment-analysis/c6525-25g/storm/1000000,i0s0-SentimentAnalysis-22-1759155221,0,0,,parse-tweet-bolt,1.0547945205479452,0.26,0.26,0.26,,analyze-sentiment-bolt,1.0,2.138,6.0,6.0
SentimentAnalysis,storm,Sentiment Analysis,1,c6525-25g,1000000,"10,4,4,1",10,4.0,1,XS,1,1,2,artifacts/sentiment-analysis/c6525-25g/storm/1000000,i0s0-SentimentAnalysis-30-1759161182,0,0,,parse-tweet-bolt,0.9999041133577262,0.007,0.017,0.017,,analyze-sentiment-bolt,,0.0,0.0,0.0
SentimentAnalysis,storm,Sentiment Analysis,1,c6525-25g,1000000,"10,32,32,1",10,32.0,1,L,4,7,2,artifacts/sentiment-analysis/c6525-25g/storm/1000000,i0s0-SentimentAnalysis-27-1759158509,0,0,,parse-tweet-bolt,0.9991256581323297,0.014,0.014,0.014,,analyze-sentiment-bolt,,0.0,0.0,0.0
SentimentAnalysis,storm,Sentiment Analysis,1,c6525-25g,1000000,"10,64,64,1",10,64.0,1,XXL,6,13,2,artifacts/sentiment-analysis/c6525-25g/storm/1000000,i0s0-SentimentAnalysis-24-1759156617,0,0,,parse-tweet-bolt,0.9996480435813859,0.011,0.015,0.015,,analyze-sentiment-bolt,1.0,1.887,2.245,2.245
SentimentAnalysis,storm,Sentiment Analysis,1,c6525-25g,1000000,"10,8,8,1",10,8.0,1,S,2,2,2,artifacts/sentiment-analysis/c6525-25g/storm/1000000,i0s0-SentimentAnalysis-29-1759160619,0,0,,parse-tweet-bolt,1.0003349296727053,0.014,0.022,0.022,,analyze-sentiment-bolt,,0.0,0.0,0.0
